Model,Accuracy,Precision,Recall,F1 Score
XGboost,0.7784386617100372,0.5850515463917526,0.6236263736263736,0.6037234042553191
CatBoost,0.7739776951672862,0.5837988826815642,0.5741758241758241,0.5789473684210527
LightGBM,0.7635687732342007,0.5642458100558659,0.554945054945055,0.5595567867036011
