Model,Accuracy,Precision,Recall,F1 Score
CatBoost,0.794180269694819,0.5955334987593052,0.6539509536784741,0.6233766233766234
XGboost,0.7906316536550745,0.5869565217391305,0.662125340599455,0.6222791293213829
LightGBM,0.772888573456352,0.5542725173210161,0.6539509536784741,0.6
