Model,Accuracy,Precision,Recall,F1 Score
LightGBM,0.7622427253371186,0.5330296127562643,0.6428571428571429,0.5828144458281445
CatBoost,0.7636621717530163,0.538083538083538,0.6016483516483516,0.5680933852140078
XGboost,0.7551454932576295,0.5232273838630807,0.5879120879120879,0.553686934023286
